Model,Seed,Period,Variable,Item,Mean_Value
AF_EVAL,5,1,x,C1,50.932189744255886
AF_EVAL,5,1,I,C1,0.0
AF_EVAL,5,1,x,C2,53.22654622680296
AF_EVAL,5,1,I,C2,0.0
AF_EVAL,5,2,x,C1,13.713660200768746
AF_EVAL,5,2,I,C1,0.0
AF_EVAL,5,2,x,C2,20.793952555142774
AF_EVAL,5,2,I,C2,0.0
AF_EVAL,5,3,x,C1,16.6423790656113
AF_EVAL,5,3,I,C1,19.24192297319561
AF_EVAL,5,3,x,C2,30.666109007020683
AF_EVAL,5,3,I,C2,16.05008985062149
AF_EVAL,5,4,x,C1,49.82855960727984
AF_EVAL,5,4,I,C1,2.2137778408596507
AF_EVAL,5,4,x,C2,27.544494263729835
AF_EVAL,5,4,I,C2,2.2137778408596507
AF_EVAL,5,5,x,C1,28.041943639044742
AF_EVAL,5,5,I,C1,16.67303635990106
AF_EVAL,5,5,x,C2,33.32125696954035
AF_EVAL,5,5,I,C2,12.05399108929534
AF_EVAL,5,6,x,C1,25.15907746331452
AF_EVAL,5,6,I,C1,6.674785185997148
AF_EVAL,5,6,x,C2,20.66793565850225
AF_EVAL,5,6,I,C2,10.695341568323837
AF_EVAL,5,7,x,C1,5.767088494592862
AF_EVAL,5,7,I,C1,9.277284361895742
AF_EVAL,5,7,x,C2,3.864603534129039
AF_EVAL,5,7,I,C2,9.577564782716774
AF_EVAL,5,8,x,C1,0.0
AF_EVAL,5,8,I,C1,0.0
AF_EVAL,5,8,x,C2,0.0
AF_EVAL,5,8,I,C2,0.0
AF_EVAL,5,1,w,P1,60.0
AF_EVAL,5,1,y,P1,4.294964067735285
AF_EVAL,5,1,D,P1,4.294964067735285
AF_EVAL,5,1,w,P2,60.0
AF_EVAL,5,1,y,P2,3.7050359322647135
AF_EVAL,5,1,D,P2,4.294964067735285
AF_EVAL,5,2,w,P1,50.0
AF_EVAL,5,2,y,P1,0.0
AF_EVAL,5,2,D,P1,23.891352243344524
AF_EVAL,5,2,w,P2,55.0
AF_EVAL,5,2,y,P2,0.0
AF_EVAL,5,2,D,P2,13.933129997375133
AF_EVAL,5,3,w,P1,50.0
AF_EVAL,5,3,y,P1,23.328778498031216
AF_EVAL,5,3,D,P1,23.328778498031216
AF_EVAL,5,3,w,P2,50.0
AF_EVAL,5,3,y,P2,22.07514847379781
AF_EVAL,5,3,D,P2,22.07514847379781
AF_EVAL,5,4,w,P1,52.5
AF_EVAL,5,4,y,P1,16.89636165012872
AF_EVAL,5,4,D,P1,17.196692688517533
AF_EVAL,5,4,w,P2,52.5
AF_EVAL,5,4,y,P2,16.774162547818538
AF_EVAL,5,4,D,P2,17.15385133403082
AF_EVAL,5,5,w,P1,50.0
AF_EVAL,5,5,y,P1,17.53595614197215
AF_EVAL,5,5,D,P1,19.88470021164316
AF_EVAL,5,5,w,P2,50.0
AF_EVAL,5,5,y,P2,17.833344946266276
AF_EVAL,5,5,D,P2,20.24095572503558
AF_EVAL,5,6,w,P1,54.6875
AF_EVAL,5,6,y,P1,12.843221790605131
AF_EVAL,5,6,D,P1,13.803835080938487
AF_EVAL,5,6,w,P2,53.75
AF_EVAL,5,6,y,P2,12.296242740793351
AF_EVAL,5,6,D,P2,15.12028629485586
AF_EVAL,5,7,w,P1,53.28125
AF_EVAL,5,7,y,P1,13.956713491720194
AF_EVAL,5,7,D,P1,15.456379713557862
AF_EVAL,5,7,w,P2,54.21875
AF_EVAL,5,7,y,P2,12.969902915728555
AF_EVAL,5,7,D,P2,14.18489424378749
AF_EVAL,5,8,w,P1,55.0
AF_EVAL,5,8,y,P1,11.561549250917984
AF_EVAL,5,8,D,P1,12.870722942354226
AF_EVAL,5,8,w,P2,53.046875
AF_EVAL,5,8,y,P2,12.013515767087974
AF_EVAL,5,8,D,P2,15.913785920632847
REL_EVAL,5,1,x,C1,30.87786977626787
REL_EVAL,5,1,I,C1,0.0
REL_EVAL,5,1,x,C2,53.22654622680296
REL_EVAL,5,1,I,C2,0.0
REL_EVAL,5,2,x,C1,19.16506360538692
REL_EVAL,5,2,I,C1,0.0
REL_EVAL,5,2,x,C2,8.593684298883424
REL_EVAL,5,2,I,C2,0.0
REL_EVAL,5,3,x,C1,22.21716791615844
REL_EVAL,5,3,I,C1,11.940464691510698
REL_EVAL,5,3,x,C2,32.270204809939315
REL_EVAL,5,3,I,C2,15.727036455422898
REL_EVAL,5,4,x,C1,49.1424210453708
REL_EVAL,5,4,I,C1,2.0942877835930207
REL_EVAL,5,4,x,C2,32.25779296122144
REL_EVAL,5,4,I,C2,2.094287783593021
REL_EVAL,5,5,x,C1,32.986214137941346
REL_EVAL,5,5,I,C1,17.171559907968117
REL_EVAL,5,5,x,C2,33.7261463601607
REL_EVAL,5,5,I,C2,13.087232252109878
REL_EVAL,5,6,x,C1,29.89502135776528
REL_EVAL,5,6,I,C1,6.559861590134652
REL_EVAL,5,6,x,C2,28.159902349082213
REL_EVAL,5,6,I,C2,11.992916673309576
REL_EVAL,5,7,x,C1,9.381663875781848
REL_EVAL,5,7,I,C1,9.122099445579051
REL_EVAL,5,7,x,C2,5.431144708582451
REL_EVAL,5,7,I,C2,9.623469476324145
REL_EVAL,5,8,x,C1,0.0
REL_EVAL,5,8,I,C1,0.0
REL_EVAL,5,8,x,C2,0.0
REL_EVAL,5,8,I,C2,0.0
REL_EVAL,5,1,w,P1,60.0
REL_EVAL,5,1,y,P1,4.294964067735285
REL_EVAL,5,1,D,P1,4.294964067735285
REL_EVAL,5,1,w,P2,60.0
REL_EVAL,5,1,y,P2,3.7050359322647135
REL_EVAL,5,1,D,P2,4.294964067735285
REL_EVAL,5,2,w,P1,37.5
REL_EVAL,5,2,y,P1,0.0
REL_EVAL,5,2,D,P1,47.69002659639672
REL_EVAL,5,2,w,P2,37.5
REL_EVAL,5,2,y,P2,0.0
REL_EVAL,5,2,D,P2,47.02055768201076
REL_EVAL,5,3,w,P1,52.5
REL_EVAL,5,3,y,P1,18.53411021234479
REL_EVAL,5,3,D,P1,18.53411021234479
REL_EVAL,5,3,w,P2,51.25
REL_EVAL,5,3,y,P2,19.568358477799315
REL_EVAL,5,3,D,P2,19.568358477799315
REL_EVAL,5,4,w,P1,52.5
REL_EVAL,5,4,y,P1,16.680459706831684
REL_EVAL,5,4,D,P1,16.91005225094541
REL_EVAL,5,4,w,P2,53.125
REL_EVAL,5,4,y,P2,15.382885117244427
REL_EVAL,5,4,D,P2,15.62950436708216
REL_EVAL,5,5,w,P1,51.875
REL_EVAL,5,5,y,P1,17.04666459535909
REL_EVAL,5,5,D,P1,17.101400415463537
REL_EVAL,5,5,w,P2,52.1875
REL_EVAL,5,5,y,P2,17.018484325636617
REL_EVAL,5,5,D,P2,17.179991481149237
REL_EVAL,5,6,w,P1,53.75
REL_EVAL,5,6,y,P1,14.5202694994491
REL_EVAL,5,6,D,P1,15.11165689688156
REL_EVAL,5,6,w,P2,54.0625
REL_EVAL,5,6,y,P2,13.911347425304186
REL_EVAL,5,6,D,P2,14.245219865169782
REL_EVAL,5,7,w,P1,52.5
REL_EVAL,5,7,y,P1,15.971973387110578
REL_EVAL,5,7,D,P1,16.336520924032357
REL_EVAL,5,7,w,P2,53.125
REL_EVAL,5,7,y,P2,15.481196116690157
REL_EVAL,5,7,D,P2,15.664742608441347
REL_EVAL,5,8,w,P1,52.890625
REL_EVAL,5,8,y,P1,15.075152591693849
REL_EVAL,5,8,D,P1,15.94182906375772
REL_EVAL,5,8,w,P2,53.3203125
REL_EVAL,5,8,y,P2,14.47452025920872
REL_EVAL,5,8,D,P2,15.26058924347286
IH,5,1,x,C1,10.823549808279884
IH,5,1,I,C1,0.0
IH,5,1,x,C2,12.7315007782836
IH,5,1,I,C2,0.0
IH,5,2,x,C1,5.54063149085043
IH,5,2,I,C1,0.0
IH,5,2,x,C2,6.863940727432706
IH,5,2,I,C2,0.0
IH,5,3,x,C1,3.7527817923223274
IH,5,3,I,C1,6.001913927938145
IH,5,3,x,C2,6.174886890734666
IH,5,3,I,C2,4.646518128675571
IH,5,4,x,C1,15.257766910412325
IH,5,4,I,C1,0.59637836943948
IH,5,4,x,C2,10.035736960023895
IH,5,4,I,C2,0.6906191621645807
IH,5,5,x,C1,8.874116051936634
IH,5,5,I,C1,7.608821432961232
IH,5,5,x,C2,10.24864992585084
IH,5,5,I,C2,5.530585313262809
IH,5,6,x,C1,7.592507191829344
IH,5,6,I,C1,2.896643367749759
IH,5,6,x,C2,6.841383060166795
IH,5,6,I,C2,4.353788048273029
IH,5,7,x,C1,2.0469757003401794
IH,5,7,I,C1,3.0837102294842973
IH,5,7,x,C2,0.9922306034786155
IH,5,7,I,C2,3.5316023826950262
IH,5,8,x,C1,0.0
IH,5,8,I,C1,0.10415585270644101
IH,5,8,x,C2,0.0
IH,5,8,I,C2,0.10415585270644091
IH,5,1,w,P1,60.0
IH,5,1,y,P1,4.294964067735285
IH,5,1,D,P1,4.294964067735285
IH,5,1,w,P2,60.0
IH,5,1,y,P2,3.7050359322647144
IH,5,1,D,P2,4.294964067735285
IH,5,2,w,P1,15.0
IH,5,2,y,P1,0.0
IH,5,2,D,P1,88.91262556442845
IH,5,2,w,P2,15.0
IH,5,2,y,P2,0.0
IH,5,2,D,P2,88.24315665004248
IH,5,3,w,P1,60.0
IH,5,3,y,P1,5.807948697712785
IH,5,3,D,P1,5.807948697712785
IH,5,3,w,P2,60.0
IH,5,3,y,P2,4.554318673479381
IH,5,3,D,P2,4.55431867347938
IH,5,4,w,P1,60.0
IH,5,4,y,P1,4.791413789733806
IH,5,4,D,P1,4.8782269782452055
IH,5,4,w,P2,60.0
IH,5,4,y,P2,4.366903561087185
IH,5,4,D,P2,4.835385623758491
IH,5,5,w,P1,56.875
IH,5,5,y,P1,4.045579806803388
IH,5,5,D,P1,8.797690255291515
IH,5,5,w,P2,56.25
IH,5,5,y,P2,4.199744040087184
IH,5,5,D,P2,10.002809418626436
IH,5,6,w,P1,60.0
IH,5,6,y,P1,4.828881496043044
IH,5,6,D,P1,5.242689467860933
IH,5,6,w,P2,60.0
IH,5,6,y,P2,4.377994205448978
IH,5,6,D,P2,4.977387024359956
IH,5,7,w,P1,60.0
IH,5,7,y,P1,4.427652748607521
IH,5,7,D,P1,4.653691121981607
IH,5,7,w,P2,60.0
IH,5,7,y,P2,4.63221676034042
IH,5,7,D,P2,4.836346592608546
IH,5,8,w,P1,60.0
IH,5,8,y,P1,3.9908693283924572
IH,5,8,D,P1,4.780868531587971
IH,5,8,w,P2,60.0
IH,5,8,y,P2,3.7606499855285307
IH,5,8,D,P2,4.789604159449108
